{
    "total_runtime": 3.499285936355591,
    "num_documents": 2,
    "input_load_time": 0,
    "workflows": {
        "create_base_text_units": {
            "overall": 0.9348406791687012,
            "0_orderby": 0.02106952667236328,
            "1_zip": 0.02610921859741211,
            "2_aggregate_override": 0.03259086608886719,
            "3_chunk": 0.6483840942382812,
            "4_select": 0.014036893844604492,
            "5_unroll": 0.023967742919921875,
            "6_rename": 0.01102900505065918,
            "7_genid": 0.020053625106811523,
            "8_unzip": 0.03259778022766113,
            "9_copy": 0.0251004695892334,
            "10_filter": 0.07233309745788574
        },
        "create_base_extracted_entities": {
            "overall": 1.180393934249878,
            "0_entity_extract": 1.1572272777557373,
            "1_merge_graphs": 0.013634204864501953
        },
        "create_summarized_entities": {
            "overall": 0.0173494815826416,
            "0_summarize_descriptions": 0.01228952407836914
        }
    }
}