{
    "total_runtime": 7.291224479675293,
    "num_documents": 2,
    "input_load_time": 0,
    "workflows": {
        "create_base_text_units": {
            "overall": 0.41499829292297363,
            "0_orderby": 0.010350942611694336,
            "1_zip": 0.006609439849853516,
            "2_aggregate_override": 0.020186185836791992,
            "3_chunk": 0.2840557098388672,
            "4_select": 0.007031440734863281,
            "5_unroll": 0.014503955841064453,
            "6_rename": 0.005578517913818359,
            "7_genid": 0.01748180389404297,
            "8_unzip": 0.008664369583129883,
            "9_copy": 0.007523775100708008,
            "10_filter": 0.028174638748168945
        },
        "create_base_extracted_entities": {
            "overall": 6.025958061218262,
            "0_entity_extract": 6.008100271224976,
            "1_merge_graphs": 0.012349128723144531
        },
        "create_summarized_entities": {
            "overall": 0.016051530838012695,
            "0_summarize_descriptions": 0.00972747802734375
        }
    }
}